{
    "title": "Teufel Raumfeld",
    "config": {
        "step": {
            "user": {
                "data": {
                    "host": "[%key:common::config_flow::data::host%]",
                    "port": "[%key:common::config_flow::data::port%]"
                }
            }
        },
        "error": {
            "cannot_connect": "[%key:common::config_flow::error::cannot_connect%]",
            "unknown": "[%key:common::config_flow::error::unknown%]"
        },
        "abort": {
            "already_configured": "[%key:common::config_flow::abort::already_configured_device%]"
        }
    }
}
